,Male_Names,Male_Label,Female_Names,Female_Label,Neutral,Neutral_Label
0,James,M,Mary,F,Ace,N
1,John,M,Camila,F,Aiden,N
2,Robert,M,Luna,F,Alex,N
3,Michael,M,Scarlett,F,Aster,N
4,William,M,Abigail,F,Auden,N
5,David,M,Sofia,F,Ellis,N
6,Richard,M,Patricia,F,Honor,N
7,Charles,M,Linda,F,Jody,N
8,Joseph,M,Barbara,F,Justice,N
9,Thomas,M,Elizabeth,F,Onyx,N
10,Christopher,M,Jennifer,F,Phoenix,N
11,Paul,M,Maria,F,Reese,N
12,Mark,M,Michelle,F,Scout ,N
13,Donald,M,Laura,F,Aries,N
14,George,M,Sarah,F,Armani,N
15,Kenneth,M,Kimberly,F,Ash,N
16,Steven,M,Deborah,F,Avery,N
17,Edward,M,Jessica,F,Basil,N
18,Brian,M,Shirley,F,Bay,N
19,Ronald,M,Cynthia,F,Baylor,N
20,Anthony,M,Angela,F,Beck,N
21,Kevin,M,Melissa,F,Cameron,N
22,Jason,M,Brenda,F,Carey,N
23,Matthew,M,Amy,F,Carson,N
24,Gary,M,Anna,F,Dean,N
25,Timothy,M,Rebecca,F,Dion,N
26,Jose,M,Virginia,F,Dominique,N
27,Larry,M,Kathleen,F,Ellison,N
28,Jeffrey,M,Pamela,F,Ezra,N
29,Frank,M,Martha,F,Fable,N
30,Scott,M,Debra,F,Finley,N
31,Eric,M,Amanda,F,Francis,N
32,Stephen,M,Stephanie,F,Greer,N
33,Andrew,M,Carolyn,F,Hale,N
34,Raymond,M,Christine,F,Jackie,N
35,Gregory,M,Marie,F,Jamie,N
36,Joshua,M,Janet,F,Jessie,N
37,Jerry,M,Catherine,F,Kadence,N
38,Walter,M,Frances,F,Kale,N
39,Patrick,M,Ann,F,Keegan,N
40,Peter,M,Joyce,F,Khari,N
41,Harold,M,Diane,F,Kian,N
42,Douglas,M,Alice,F,Kieran,N
43,Henry,M,Julie,F,Landon,N
44,Carl,M,Heather,F,Lex,N
45,Arthur,M,Teresa,F,Linden,N
46,Ryan,M,Doris,F,Lindsey,N
47,Roger,M,Gloria,F,Lyunx,N
48,Joe,M,Evelyn,F,Mckinley,N
49,Juan,M,Cheryl,F,Memphis,N
50,Jack,M,Mildred,F,Mercer,N
51,Albert,M,Katherine,F,Merrick,N
52,Jonathan,M,Joan,F,Monet,N
53,Justin,M,Ashley,F,Murphy,N
54,Terry,M,Judith,F,Nevada,N
55,Gerald,M,Rose,F,Nikkie,N
56,Keith,M,Janice,F,Noble,N
57,Samuel,M,Kelly,F,Nolan,N
58,Willie,M,Nicole,F,Ombre,N
59,Ralph,M,Judy,F,Ollie,N
60,Lawrence,M,Christina,F,Orion,N
61,Nicholas,M,Kathy,F,Owen,N
62,Roy,M,Theresa,F,Palmer,N
63,Benjamin,M,Beverly,F,Payton,N
64,Bruce,M,Denise,F,Presley,N
65,Brandon,M,Tammy,F,Psalm,N
66,Adam,M,Irene,F,Quinn,N
67,Harry,M,Jane,F,Quincy,N
68,Fred,M,Lori,F,Ramsey,N
69,Wayne,M,Rachel,F,Raleigh,N
70,Steve,M,Marilyn,F,Reagan,N
71,Jeremy,M,Andrea,F,Reign,N
72,Aaron,M,Kathryn,F,Rene,N
73,Randy,M,Louise,F,Renley,N
74,Howard,M,Sara,F,Rickie,N
75,Eugene,M,Anne,F,Robin,N
76,Carlos,M,Jacqueline,F,Rue,N
77,Russell,M,Wanda,F,Ryder,N
78,Bobby,M,Bonnie,F,Ryan,N
79,Victor,M,Julia,F,Rylan,N
80,Martin,M,Ruby,F,Sam,N
81,Ernest,M,Lois,F,Salem,N
82,Phillip,M,Tina,F,Sawyer,N
83,Todd,M,Phyllis,F,Sean,N
84,Jesse,M,Norma,F,Shannon,N
85,Craig,M,Paula,F,Simone,N
86,Alan,M,Diana,F,Tanner,N
87,Clarence,M,Annie,F,Ty,N
88,Sean,M,Lillian,F,Tyler,N
89,Philip,M,Emily,F,Valor,N
90,Chris,M,Robin,F,Valentine,N
91,Johnny,M,Peggy,F,Vaughn,N
92,Jimmy,M,Crystal,F,Vie,N
93,Antonio,M,Gladys,F,Vinnie,N
94,Danny,M,Rita,F,Walker,N
95,Bryan,M,Dawn,F,Whitney,N
96,Tony,M,Connie,F,Winter,N
97,Luis,M,Florence,F,Wyatt ,N
98,Mike,M,Tracy,F,Wylie,N
99,Stanley,M,Edna,F,Xen,N
100,Leonard,M,Tiffany,F,York,N
101,Nathan,M,Carmen,F,Yves,N
102,Dale,M,Rosa,F,Shiloh,N
103,Manuel,M,Cindy,F,Teagan,N
104,Rodney,M,Grace,F,Yoshi,N
105,Curtis,M,Wendy,F,Andy,N
106,Norman,M,Victoria,F,Ariel,N
107,Allen,M,Edith,F,Brook,N
108,Marvin,M,Kim,F,Charlie,N
109,Vincent,M,Sherry,F,Demi,N
110,Glenn,M,Sylvia,F,Devin,N
111,Jeffery,M,Josephine,F,Drew,N
112,Travis,M,Thelma,F,Jazz,N
113,Jeff,M,Shannon,F,Jett,N
114,Chad,M,Sheila,F,Jordan,N
115,Jacob,M,Ethel,F,Rowan,N
116,Lee,M,Ellen,F,Azariah,N
117,Melvin,M,Elaine,F,Azriel,N
118,Alfred,M,Marjorie,F,Darian,N
119,Kyle,M,Carrie,F,Hao,N
120,Francis,M,Charlotte,F,Marlowe,N
121,Jesus,M,Monica,F,Poe,N
122,Herbert,M,Esther,F,Shalom,N
123,Frederick,M,Pauline,F,Troian,N
124,Ray,M,Emma,F,Urith,N
125,Joel,M,Juanita,F,Yael,N
126,Edwin,M,Anita,F,Arrow,N
127,Don,M,Rhonda,F,Blue,N
128,Eddie,M,Hazel,F,Casey,N
129,Ricky,M,Amber,F,Delaney,N
130,Troy,M,Eva,F,Hunter,N
131,Randall,M,Debbie,F,Logan,N
132,Barry,M,April,F,Max,N
133,Alexander,M,Leslie,F,Quest,N
134,Bernard,M,Clara,F,Rogue,N
135,Mario,M,Lucille,F,Rory,N
136,Leroy,M,Jamie,F,Storm,N
137,Francisco,M,Joanne,F,Arien,N
138,Marcus,M,Eleanor,F,August,N
139,Micheal,M,Valerie,F,Ira,N
140,Theodore,M,Danielle,F,Jove,N
141,Clifford,M,Megan,F,Jude,N
142,Miguel,M,Alicia,F,Sasha,N
143,Oscar,M,Suzanne,F,Zephyr,N
144,Jay,M,Michele,F,Ashley,N
145,Jim,M,Gail,F,Aspen,N
146,Tom,M,Bertha,F,Briar,N
147,Calvin,M,Darlene,F,Cedar,N
148,Jon,M,Veronica,F,Elm,N
149,Ronnie,M,Jill,F,Finch,N
150,Bill,M,Erin,F,Juniper,N
151,Lloyd,M,Geraldine,F,Kai,N
152,Tommy,M,Lauren,F,Lark,N
153,Leon,M,Cathy,F,Lynx,N
154,Derek,M,Joann,F,Oakley,N
155,Warren,M,Lorraine,F,Ocean,N
156,Darrell,M,Lynn,F,River,N
157,Jerome,M,Sally,F,Wren,N
158,Floyd,M,Regina,F,Arden,N
159,Leo,M,Erica,F,Ashton,N
160,Alvin,M,Beatrice,F,Cove,N
161,Tim,M,Dolores,F,Dakota,N
162,Wesley,M,Bernice,F,Dallas,N
163,Gordon,M,Audrey,F,Denver,N
164,Dean,M,Yvonne,F,Everest,N
165,Greg,M,Annette,F,Milan,N
166,Jorge,M,June,F,Remington,N
167,Dustin,M,Samantha,F,Sydney,N
168,Pedro,M,Marion,F,Urban,N
169,Derrick,M,Dana,F,Zaire,N
170,Dan,M,Stacy,F,Aqua,N
171,Lewis,M,Ana,F,Azure,N
172,Zachary,M,Renee,F,Echo,N
173,Corey,M,Ida,F,Eclipse,N
174,Herman,M,Vivian,F,Ember,N
175,Maurice,M,Roberta,F,Mercury,N
176,Vernon,M,Holly,F,Rain,N
177,Roberto,M,Brittany,F,Spark,N
178,Clyde,M,Melanie,F,Vesper,N
179,Glen,M,Loretta,F,Ender,N
180,Hector,M,Yolanda,F,Nova,N
181,Shane,M,Jeanette,F,Ari,N
182,RicardoSam,M,Laurie,F,Arin,N
183,Rick,M,Katie,F,Blair,N
184,Lester,M,Kristen,F,Clarke,N
185,Brent,M,Vanessa,F,Darcy,N
186,Ramon,M,Alma,F,Evan,N
187,Charlie,M,Sue,F,Garnet,N
188,Tyler,M,Elsie,F,Lennox,N
189,Gilbert,M,Beth,F,Tarian,N
190,Gene,M,Jeanne,F,Wynn,N
191,Marc,M,Vicki,F,Zuri,N
192,Reginald,M,Carla,F,Blake,N
193,Ruben,M,Rosemary,F,Elliot,N
194,Brett,M,Eileen,F,Jagger,N
195,Angel,M,Terri,F,Kim,N
196,Nathaniel,M,Gertrude,F,Parker,N
197,Rafael,M,Lucy,F,Peyton,N
198,Edgar,M,Tonya,F,Taylor,N
199,Milton,M,Ella,F,Terry,N
200,Ruth,M,Stacey,F,Amory,N
201,Aspen,M,Wilma,F,Anchor,N
202,Jordyn,M,Gina,F,Billie,N
203,Austin,M,Kristin,F,Chandler,N
204,West,M,Natalie,F,Delta,N
205,Ike,M,Aria,F,Frankie,N
206,Langston,M,Penelope,F,Harper,N
207,Huckleberry,M,Chloe,F,Lucky,N
208,Booker,M,Layla,F,Lux,N
209,Saint,M,Mila,F,Lyric,N
210,Rocky,M,Nora,F,Morgan,N
211,Jericho,M,Isla,F,Tatum,N
212,Dax,M,Violet,F,Zuma,N
213,Dash,M,Zoey,F,Harlow,N
214,Stetson,M,Willow,F,Hollis,N
215,Stone,M,Stella,F,Lennon,N
216,Jace,M,Zoe,F,Sutton,N
217,Sky,M,Emilia,F,Bellamy,N
218,Lucas,M,Hannah,F,Ellery,N
219,Elijah,M,Addison,F,Ever,N
220,Cord,M,Leah,F,Evren,N
221,Lebron,M,Eliana,F,Hart,N
222,Steel,M,Ivy,F,Vix,N
223,Rowdy,M,Everly,F,Angel,N
224,Reno,M,Paisley,F,Artemis,N
225,Ellington,M,Elena,F,Mars,N
226,Kaiden,M,Naomi,F,Nox,N
227,Buster,M,Maya,F,Pax,N
228,Spike,M,Kinsley,F,Bo,N
229,Landry,M,Delilah,F,Brett,N
230,Koi,M,Claire,F,Bryn,N
231,Biff,M,Aaliyah,F,Cal,N
232,Zayden,M,Brooklyn,F,Cy,N
233,Bryson,M,Aubrey,F,Fen,N
234,Jax,M,Autumn,F,Jade,N
235,Duke,M,Leilani,F,Jules,N
236,Gatsby,M,Savannah,F,Kit,N
237,Bode,M,Valentina,F,Lou,N
238,Kylo,M,Madelyn,F,Moss,N
239,Denzel,M,Bella,F,Ray,N
240,Huck,M,Genesis,F,Corey,N
241,Gunner,M,Sophie,F,Dylan,N
242,Colton,M,Hailey,F,Elliott,N
243,Tripp,M,Sadie,F,Hayden,N
244,Easton,M,Natalia,F,Lowen,N
245,Cade,M,Caroline,F,Remy,N
246,Hendrix,M,Allison,F,Rumi,N
247,Ryker,M,Nevaeh,F,Skyler,N
248,Cash,M,Cora,F,Spencer,N
249,Jayden,M,Ariana,F,Zohar,N
250,Maverick,M,Lydia,F,Adrian,N
251,Wilder,M,Rylee,F,Amari,N
252,Hudson,M,Athena,F,Emerson,N
253,Holden,M,Everleigh,F,Indigo,N
254,Chito,M,Raelynn,F,Legacy,N
255,Tiger,M,Iris,F,Seneca,N
256,Jeter,M,Melody,F,Barcelona,N
257,Raylan,M,Arya,F,Barthelemy,N
258,Enoli,M,Mackenzie,F,Jedidiah,N
259,Houston,M,Maeve,F,Serenity,N
260,Waya,M,Margaret,F,Noel,N
261,Tex,M,Daisy,F,Remi,N
262,Braylen,M,Lucia,F,Akira,N
263,Yosemite,M,Kaylee,F,Koda,N
264,Bubba,M,Magnolia,F,Koi,N
265,Thoreau,M,Amara,F,Zen,N
266,Kymani,M,Arianna,F,Rio,N
267,Inali,M,Isabel,F,Sol,N
268,Sir,M,Emersyn,F,Adri,N
269,Satchel,M,Sienna,F,Andrea,N
270,Chashwi,M,Kehlani,F,Gianni,N
271,Chahta,M,Freya,F,Adair,N
272,Chaan,M,Blakely,F,Sage,N
273,Chochokpi,M,Genevieve,F,Kennedy,N
274,Talako,M,Valeria,F,Skylar,N
275,Wesa,M,Norah,F,Emery,N
276,Magis,M,Amaya,F,Kylie,N
277,Lilis,M,Alexandra,F,Bailey,N
278,Hattak,M,Jasmine,F,Andi,N
279,Diwali,M,Millie,F,Birch,N
280,Adahy,M,Khloe,F,Zev,N
281,Yancey,M,Callie,F,Tobi,N
282,Onacona,M,Juliette,F,Tayler,N
283,Minco,M,Alyssa,F,Maple,N
284,Tashka,M,Myla,F,Keelan,N
285,Atohi,M,Alana,F,Kestrel,N
286,Mohe,M,Amira,F,Jey,N
287,Yansa,M,Marley,F,Clover,N
288,Tokabi,M,Leila,F,Copper,N
289,Bud,M,Selena,F,Axis,N
290,Yuma,M,Harmony,F,Kendall,N
291,Hiawatha,M,Arabella,F,Banks,N
292,Tahoe,M,Margot,F,Berry,N
293,Coro,M,Gemma,F,Axle,N
294,Abit,M,Aubree,F,Atlas,N
295,Westin,M,Alani,F,Jaime,N
296,Denali,M,Olive,F,Jodie,N
297,Nashoba,M,Anastasia,F,Cleo,N
298,Lamar,M,Ariella,F,Kerry,N
299,Tennessee,M,Octavia,F,Billy,N
